[{"model": "auth.permission", "pk": 1, "fields": {"name": "Can add log entry", "content_type": 1, "codename": "add_logentry"}}, {"model": "auth.permission", "pk": 2, "fields": {"name": "Can change log entry", "content_type": 1, "codename": "change_logentry"}}, {"model": "auth.permission", "pk": 3, "fields": {"name": "Can delete log entry", "content_type": 1, "codename": "delete_logentry"}}, {"model": "auth.permission", "pk": 4, "fields": {"name": "Can add group", "content_type": 2, "codename": "add_group"}}, {"model": "auth.permission", "pk": 5, "fields": {"name": "Can change group", "content_type": 2, "codename": "change_group"}}, {"model": "auth.permission", "pk": 6, "fields": {"name": "Can delete group", "content_type": 2, "codename": "delete_group"}}, {"model": "auth.permission", "pk": 7, "fields": {"name": "Can add permission", "content_type": 3, "codename": "add_permission"}}, {"model": "auth.permission", "pk": 8, "fields": {"name": "Can change permission", "content_type": 3, "codename": "change_permission"}}, {"model": "auth.permission", "pk": 9, "fields": {"name": "Can delete permission", "content_type": 3, "codename": "delete_permission"}}, {"model": "auth.permission", "pk": 10, "fields": {"name": "Can add user", "content_type": 4, "codename": "add_user"}}, {"model": "auth.permission", "pk": 11, "fields": {"name": "Can change user", "content_type": 4, "codename": "change_user"}}, {"model": "auth.permission", "pk": 12, "fields": {"name": "Can delete user", "content_type": 4, "codename": "delete_user"}}, {"model": "auth.permission", "pk": 13, "fields": {"name": "Can add content type", "content_type": 5, "codename": "add_contenttype"}}, {"model": "auth.permission", "pk": 14, "fields": {"name": "Can change content type", "content_type": 5, "codename": "change_contenttype"}}, {"model": "auth.permission", "pk": 15, "fields": {"name": "Can delete content type", "content_type": 5, "codename": "delete_contenttype"}}, {"model": "auth.permission", "pk": 16, "fields": {"name": "Can add session", "content_type": 6, "codename": "add_session"}}, {"model": "auth.permission", "pk": 17, "fields": {"name": "Can change session", "content_type": 6, "codename": "change_session"}}, {"model": "auth.permission", "pk": 18, "fields": {"name": "Can delete session", "content_type": 6, "codename": "delete_session"}}, {"model": "auth.permission", "pk": 19, "fields": {"name": "Can add category", "content_type": 7, "codename": "add_category"}}, {"model": "auth.permission", "pk": 20, "fields": {"name": "Can change category", "content_type": 7, "codename": "change_category"}}, {"model": "auth.permission", "pk": 21, "fields": {"name": "Can delete category", "content_type": 7, "codename": "delete_category"}}, {"model": "auth.permission", "pk": 22, "fields": {"name": "Can add product", "content_type": 8, "codename": "add_product"}}, {"model": "auth.permission", "pk": 23, "fields": {"name": "Can change product", "content_type": 8, "codename": "change_product"}}, {"model": "auth.permission", "pk": 24, "fields": {"name": "Can delete product", "content_type": 8, "codename": "delete_product"}}, {"model": "auth.permission", "pk": 25, "fields": {"name": "Can add item", "content_type": 9, "codename": "add_item"}}, {"model": "auth.permission", "pk": 26, "fields": {"name": "Can change item", "content_type": 9, "codename": "change_item"}}, {"model": "auth.permission", "pk": 27, "fields": {"name": "Can delete item", "content_type": 9, "codename": "delete_item"}}, {"model": "shop.category", "pk": 1, "fields": {"name": "\u0421\u043f\u043e\u0440\u0442 \u0438 \u0442\u0443\u0440\u0438\u0437\u043c"}}, {"model": "shop.category", "pk": 2, "fields": {"name": "\u041e\u0434\u0435\u0436\u0434\u0430 \u0438 \u043e\u0431\u0443\u0432\u044c"}}, {"model": "shop.category", "pk": 3, "fields": {"name": "\u0411\u044b\u0442\u043e\u0432\u0430\u044f \u0442\u0435\u0445\u043d\u0438\u043a\u0430"}}, {"model": "shop.category", "pk": 4, "fields": {"name": "\u0424\u043e\u0442\u043e"}}, {"model": "shop.category", "pk": 5, "fields": {"name": "\u0420\u0435\u043c\u043e\u043d\u0442"}}, {"model": "shop.product", "pk": 3, "fields": {"category": 1, "name": "\u041f\u0435\u0440\u0447\u0430\u0442\u043a\u0438", "price": "99.90"}}, {"model": "shop.product", "pk": 4, "fields": {"category": 1, "name": "\u0428\u0430\u0440\u0444", "price": "199.90"}}, {"model": "shop.product", "pk": 6, "fields": {"category": 1, "name": "\u041d\u043e\u0441\u043a\u0438", "price": "49.90"}}, {"model": "shop.product", "pk": 7, "fields": {"category": 1, "name": "\u0424\u0443\u0442\u0431\u043e\u043b\u043a\u0430", "price": "999.90"}}, {"model": "shop.product", "pk": 8, "fields": {"category": 1, "name": "\u0428\u043e\u0440\u0442\u044b", "price": "399.90"}}, {"model": "shop.product", "pk": 9, "fields": {"category": 1, "name": "\u0411\u0438\u043d\u0442", "price": "39.90"}}, {"model": "shop.product", "pk": 10, "fields": {"category": 1, "name": "\u041b\u043e\u0434\u043a\u0430", "price": "8390.00"}}, {"model": "shop.product", "pk": 11, "fields": {"category": 1, "name": "\u0412\u0435\u043b\u043e\u0441\u0438\u043f\u0435\u0434", "price": "7820.00"}}, {"model": "shop.product", "pk": 13, "fields": {"category": 1, "name": "\u0412\u043e\u0434\u0430", "price": "89.90"}}, {"model": "shop.product", "pk": 14, "fields": {"category": 2, "name": "\u0420\u0435\u043c\u0435\u043d\u044c", "price": "99.90"}}, {"model": "shop.product", "pk": 15, "fields": {"category": 2, "name": "\u041a\u0443\u0440\u0442\u043a\u0430", "price": "2449.00"}}, {"model": "shop.product", "pk": 16, "fields": {"category": 2, "name": "\u0421\u0432\u0438\u0442\u0435\u0440", "price": "1289.00"}}, {"model": "shop.product", "pk": 17, "fields": {"category": 2, "name": "\u0420\u0443\u0431\u0430\u0448\u043a\u0430", "price": "1439.00"}}, {"model": "shop.product", "pk": 18, "fields": {"category": 2, "name": "\u0428\u0430\u043f\u043a\u0430", "price": "349.00"}}, {"model": "shop.product", "pk": 19, "fields": {"category": 3, "name": "\u041c\u0438\u043a\u0440\u043e\u0432\u043e\u043b\u043d\u043e\u0432\u0430\u044f \u043f\u0435\u0447\u044c", "price": "4290.00"}}, {"model": "shop.product", "pk": 20, "fields": {"category": 3, "name": "\u0427\u0430\u0439\u043d\u0438\u043a", "price": "1290.00"}}, {"model": "shop.product", "pk": 21, "fields": {"category": 3, "name": "\u0411\u043b\u0435\u043d\u0434\u0435\u0440", "price": "1190.00"}}, {"model": "shop.product", "pk": 22, "fields": {"category": 3, "name": "\u041c\u044f\u0441\u043e\u0440\u0443\u0431\u043a\u0430", "price": "3190.00"}}, {"model": "shop.product", "pk": 23, "fields": {"category": 3, "name": "\u0425\u043b\u0435\u0431\u043e\u043f\u0435\u0447\u044c", "price": "790.00"}}, {"model": "shop.product", "pk": 24, "fields": {"category": 3, "name": "\u0422\u043e\u0441\u0442\u0435\u0440", "price": "950.00"}}, {"model": "shop.product", "pk": 25, "fields": {"category": 3, "name": "\u0412\u0435\u0441\u044b", "price": "90.00"}}, {"model": "shop.product", "pk": 26, "fields": {"category": 4, "name": "\u0428\u0442\u0430\u0442\u0438\u0432", "price": "99.00"}}, {"model": "shop.product", "pk": 27, "fields": {"category": 4, "name": "\u0421\u0443\u043c\u043a\u0430", "price": "390.00"}}, {"model": "shop.product", "pk": 28, "fields": {"category": 4, "name": "\u0424\u043e\u0442\u043e\u0430\u043f\u043f\u0430\u0440\u0430\u0442", "price": "7990.00"}}, {"model": "shop.product", "pk": 29, "fields": {"category": 3, "name": "\u0421\u043f\u043b\u0438\u0442-\u0441\u0438\u0441\u0442\u0435\u043c\u0430", "price": "15990.00"}}, {"model": "shop.product", "pk": 30, "fields": {"category": 3, "name": "\u041f\u044b\u043b\u0435\u0442\u0441\u043e\u0441", "price": "4190.00"}}, {"model": "shop.product", "pk": 31, "fields": {"category": 3, "name": "\u0424\u0438\u043b\u044c\u0442\u0440", "price": "80.00"}}, {"model": "shop.product", "pk": 32, "fields": {"category": 3, "name": "\u0427\u0430\u0441\u044b", "price": "2880.00"}}, {"model": "shop.product", "pk": 33, "fields": {"category": 3, "name": "\u0421\u043e\u043a\u043e\u0432\u044b\u0436\u0438\u043c\u0430\u043b\u043a\u0430", "price": "3999.00"}}, {"model": "shop.product", "pk": 34, "fields": {"category": 3, "name": "\u041c\u044f\u0441\u043e\u0440\u0443\u0431\u043a\u0430", "price": "3050.00"}}, {"model": "custom_manager.item", "pk": 1, "fields": {"name": "item1", "active": true}}, {"model": "custom_manager.item", "pk": 2, "fields": {"name": "item2", "active": true}}, {"model": "custom_manager.item", "pk": 3, "fields": {"name": "item3", "active": true}}, {"model": "custom_manager.item", "pk": 4, "fields": {"name": "item4", "active": true}}, {"model": "custom_manager.item", "pk": 5, "fields": {"name": "item5", "active": true}}, {"model": "custom_manager.item", "pk": 6, "fields": {"name": "item6", "active": true}}, {"model": "custom_manager.item", "pk": 7, "fields": {"name": "item7", "active": true}}, {"model": "custom_manager.item", "pk": 8, "fields": {"name": "item8", "active": true}}, {"model": "custom_manager.item", "pk": 9, "fields": {"name": "item9", "active": true}}, {"model": "custom_manager.item", "pk": 10, "fields": {"name": "item10", "active": true}}, {"model": "custom_manager.item", "pk": 11, "fields": {"name": "item11", "active": true}}, {"model": "custom_manager.item", "pk": 12, "fields": {"name": "item111", "active": true}}, {"model": "custom_manager.item", "pk": 13, "fields": {"name": "item112", "active": true}}, {"model": "custom_manager.item", "pk": 14, "fields": {"name": "item113", "active": true}}, {"model": "custom_manager.item", "pk": 15, "fields": {"name": "item114", "active": true}}]